"","GENEID"
"1","ChrSy.fgenesh.gene.86"
"10","LOC_Os01g01120"
"13","LOC_Os01g01160"
"15","LOC_Os01g01280"
"17","LOC_Os01g01302"
"20","LOC_Os01g01340"
"40","LOC_Os01g01710"
"49","LOC_Os01g01890"
"69","LOC_Os01g02700"
"70","LOC_Os01g02710"
"79","LOC_Os01g03040"
"89","LOC_Os01g03310"
"91","LOC_Os01g03340"
"104","LOC_Os01g03940"
"105","LOC_Os01g03950"
"123","LOC_Os01g04630"
"133","LOC_Os01g04900"
"148","LOC_Os01g05490"
"158","LOC_Os01g05800"
"161","LOC_Os01g05840"
"167","LOC_Os01g06280"
"182","LOC_Os01g07090"
"212","LOC_Os01g07800"
"214","LOC_Os01g07870"
"237","LOC_Os01g08440"
"239","LOC_Os01g08464"
"252","LOC_Os01g08700"
"260","LOC_Os01g08890"
"269","LOC_Os01g09120"
"287","LOC_Os01g09540"
"314","LOC_Os01g10210"
"321","LOC_Os01g10400"
"323","LOC_Os01g10450"
"331","LOC_Os01g10810"
"335","LOC_Os01g10890"
"339","LOC_Os01g11054"
"343","LOC_Os01g11160"
"355","LOC_Os01g11650"
"359","LOC_Os01g11946"
"369","LOC_Os01g12200"
"380","LOC_Os01g12530"
"387","LOC_Os01g12710"
"394","LOC_Os01g12810"
"395","LOC_Os01g12830"
"401","LOC_Os01g12920"
"409","LOC_Os01g13120"
"415","LOC_Os01g13210"
"422","LOC_Os01g13390"
"428","LOC_Os01g13480"
"431","LOC_Os01g13540"
"433","LOC_Os01g13570"
"435","LOC_Os01g13690"
"439","LOC_Os01g13740"
"441","LOC_Os01g13770"
"451","LOC_Os01g14410"
"454","LOC_Os01g14514"
"468","LOC_Os01g14890"
"479","LOC_Os01g15120"
"519","LOC_Os01g16170"
"556","LOC_Os01g17150"
"558","LOC_Os01g17170"
"562","LOC_Os01g17240"
"567","LOC_Os01g17390"
"568","LOC_Os01g17396"
"577","LOC_Os01g18320"
"582","LOC_Os01g18800"
"597","LOC_Os01g19740"
"620","LOC_Os01g21820"
"624","LOC_Os01g21990"
"635","LOC_Os01g22510"
"636","LOC_Os01g22520"
"645","LOC_Os01g22900"
"654","LOC_Os01g23680"
"664","LOC_Os01g24440"
"673","LOC_Os01g25010"
"675","LOC_Os01g25065"
"679","LOC_Os01g25386"
"685","LOC_Os01g25600"
"691","LOC_Os01g25820"
"693","LOC_Os01g25920"
"694","LOC_Os01g25990"
"696","LOC_Os01g26039"
"704","LOC_Os01g26970"
"723","LOC_Os01g28540"
"728","LOC_Os01g28989"
"740","LOC_Os01g31110"
"742","LOC_Os01g31360"
"747","LOC_Os01g31680"
"748","LOC_Os01g31690"
"752","LOC_Os01g31940"
"775","LOC_Os01g32830"
"797","LOC_Os01g34060"
"841","LOC_Os01g36720"
"850","LOC_Os01g37040"
"854","LOC_Os01g37130"
"886","LOC_Os01g38610"
"896","LOC_Os01g39110"
"900","LOC_Os01g39260"
"912","LOC_Os01g39960"
"913","LOC_Os01g39970"
"916","LOC_Os01g40070"
"917","LOC_Os01g40094"
"922","LOC_Os01g40310"
"934","LOC_Os01g40630"
"940","LOC_Os01g40710"
"959","LOC_Os01g41710"
"960","LOC_Os01g41870"
"971","LOC_Os01g42260"
"972","LOC_Os01g42280"
"1002","LOC_Os01g43070"
"1003","LOC_Os01g43090"
"1004","LOC_Os01g43100"
"1007","LOC_Os01g43150"
"1026","LOC_Os01g43700"
"1036","LOC_Os01g44210"
"1045","LOC_Os01g45070"
"1048","LOC_Os01g45274"
"1057","LOC_Os01g45620"
"1059","LOC_Os01g45750"
"1085","LOC_Os01g46720"
"1095","LOC_Os01g47190"
"1098","LOC_Os01g47330"
"1099","LOC_Os01g47340"
"1115","LOC_Os01g47630"
"1125","LOC_Os01g47900"
"1148","LOC_Os01g48680"
"1149","LOC_Os01g48690"
"1156","LOC_Os01g48820"
"1157","LOC_Os01g48830"
"1165","LOC_Os01g48990"
"1197","LOC_Os01g49740"
"1207","LOC_Os01g50030"
"1209","LOC_Os01g50050"
"1220","LOC_Os01g50460"
"1225","LOC_Os01g50760"
"1249","LOC_Os01g51290"
"1257","LOC_Os01g51410"
"1259","LOC_Os01g51530"
"1267","LOC_Os01g51754"
"1269","LOC_Os01g51860"
"1281","LOC_Os01g52170"
"1284","LOC_Os01g52240"
"1286","LOC_Os01g52260"
"1303","LOC_Os01g52640"
"1315","LOC_Os01g53020"
"1317","LOC_Os01g53060"
"1326","LOC_Os01g53330"
"1341","LOC_Os01g53720"
"1346","LOC_Os01g53810"
"1369","LOC_Os01g54540"
"1414","LOC_Os01g55570"
"1419","LOC_Os01g55670"
"1427","LOC_Os01g55799"
"1442","LOC_Os01g56200"
"1454","LOC_Os01g56420"
"1468","LOC_Os01g56680"
"1469","LOC_Os01g56730"
"1478","LOC_Os01g56890"
"1510","LOC_Os01g57720"
"1520","LOC_Os01g57942"
"1521","LOC_Os01g57945"
"1525","LOC_Os01g57962"
"1527","LOC_Os01g57966"
"1528","LOC_Os01g57968"
"1529","LOC_Os01g58000"
"1531","LOC_Os01g58020"
"1532","LOC_Os01g58022"
"1533","LOC_Os01g58024"
"1534","LOC_Os01g58038"
"1535","LOC_Os01g58039"
"1536","LOC_Os01g58049"
"1551","LOC_Os01g58470"
"1566","LOC_Os01g58890"
"1567","LOC_Os01g59020"
"1568","LOC_Os01g59060"
"1569","LOC_Os01g59080"
"1570","LOC_Os01g59090"
"1575","LOC_Os01g59150"
"1609","LOC_Os01g60040"
"1615","LOC_Os01g60230"
"1628","LOC_Os01g60730"
"1629","LOC_Os01g60780"
"1633","LOC_Os01g60830"
"1642","LOC_Os01g61120"
"1646","LOC_Os01g61230"
"1648","LOC_Os01g61400"
"1649","LOC_Os01g61410"
"1661","LOC_Os01g61670"
"1665","LOC_Os01g61760"
"1680","LOC_Os01g62060"
"1681","LOC_Os01g62070"
"1695","LOC_Os01g62440"
"1696","LOC_Os01g62460"
"1704","LOC_Os01g62840"
"1715","LOC_Os01g63050"
"1721","LOC_Os01g63270"
"1725","LOC_Os01g63410"
"1731","LOC_Os01g63620"
"1736","LOC_Os01g63810"
"1745","LOC_Os01g63990"
"1757","LOC_Os01g64270"
"1766","LOC_Os01g64540"
"1771","LOC_Os01g64660"
"1787","LOC_Os01g64960"
"1791","LOC_Os01g65080"
"1818","LOC_Os01g65650"
"1827","LOC_Os01g65880"
"1829","LOC_Os01g65900"
"1830","LOC_Os01g65902"
"1832","LOC_Os01g65920"
"1834","LOC_Os01g66000"
"1842","LOC_Os01g66150"
"1843","LOC_Os01g66170"
"1869","LOC_Os01g66980"
"1870","LOC_Os01g67000"
"1874","LOC_Os01g67120"
"1880","LOC_Os01g67220"
"1900","LOC_Os01g67630"
"1901","LOC_Os01g67720"
"1912","LOC_Os01g68020"
"1929","LOC_Os01g68450"
"1930","LOC_Os01g68480"
"1938","LOC_Os01g68770"
"1944","LOC_Os01g68860"
"1949","LOC_Os01g69030"
"1952","LOC_Os01g69060"
"1958","LOC_Os01g69120"
"1975","LOC_Os01g69950"
"1990","LOC_Os01g70210"
"1998","LOC_Os01g70400"
"2004","LOC_Os01g70520"
"2020","LOC_Os01g70950"
"2031","LOC_Os01g71190"
"2044","LOC_Os01g71720"
"2062","LOC_Os01g72205"
"2084","LOC_Os01g72800"
"2092","LOC_Os01g72950"
"2098","LOC_Os01g73070"
"2113","LOC_Os01g73450"
"2119","LOC_Os01g73540"
"2136","LOC_Os01g73910"
"2144","LOC_Os01g74190"
"2155","LOC_Os01g74450"
"2165","LOC_Os01g74650"
"2176","LOC_Os02g01150"
"2186","LOC_Os02g01340"
"2189","LOC_Os02g01380"
"2190","LOC_Os02g01440"
"2197","LOC_Os02g01590"
"2207","LOC_Os02g02000"
"2224","LOC_Os02g02520"
"2254","LOC_Os02g02980"
"2257","LOC_Os02g03010"
"2266","LOC_Os02g03230"
"2267","LOC_Os02g03250"
"2268","LOC_Os02g03260"
"2271","LOC_Os02g03330"
"2287","LOC_Os02g03670"
"2289","LOC_Os02g03710"
"2290","LOC_Os02g03720"
"2292","LOC_Os02g03740"
"2320","LOC_Os02g04330"
"2325","LOC_Os02g04460"
"2328","LOC_Os02g04510"
"2365","LOC_Os02g05630"
"2378","LOC_Os02g05920"
"2385","LOC_Os02g06300"
"2418","LOC_Os02g07110"
"2421","LOC_Os02g07160"
"2430","LOC_Os02g07350"
"2431","LOC_Os02g07360"
"2441","LOC_Os02g07740"
"2463","LOC_Os02g08150"
"2466","LOC_Os02g08260"
"2485","LOC_Os02g09150"
"2489","LOC_Os02g09340"
"2498","LOC_Os02g09510"
"2499","LOC_Os02g09590"
"2505","LOC_Os02g09750"
"2514","LOC_Os02g09940"
"2523","LOC_Os02g10120"
"2535","LOC_Os02g10350"
"2536","LOC_Os02g10390"
"2572","LOC_Os02g11110"
"2573","LOC_Os02g11640"
"2595","LOC_Os02g12760"
"2596","LOC_Os02g12790"
"2612","LOC_Os02g13170"
"2624","LOC_Os02g13560"
"2635","LOC_Os02g13970"
"2645","LOC_Os02g14440"
"2668","LOC_Os02g15540"
"2675","LOC_Os02g15660"
"2676","LOC_Os02g15750"
"2680","LOC_Os02g15900"
"2715","LOC_Os02g17534"
"2716","LOC_Os02g17650"
"2723","LOC_Os02g17920"
"2735","LOC_Os02g18450"
"2765","LOC_Os02g19924"
"2785","LOC_Os02g21009"
"2796","LOC_Os02g21430"
"2815","LOC_Os02g22100"
"2819","LOC_Os02g22260"
"2839","LOC_Os02g24574"
"2840","LOC_Os02g24598"
"2841","LOC_Os02g24612"
"2842","LOC_Os02g24614"
"2843","LOC_Os02g24636"
"2844","LOC_Os02g24642"
"2867","LOC_Os02g26700"
"2870","LOC_Os02g26860"
"2874","LOC_Os02g27030"
"2884","LOC_Os02g27490"
"2915","LOC_Os02g29550"
"2929","LOC_Os02g30320"
"2937","LOC_Os02g30630"
"2946","LOC_Os02g31070"
"2966","LOC_Os02g32250"
"2976","LOC_Os02g32469"
"2984","LOC_Os02g32730"
"2987","LOC_Os02g32780"
"2991","LOC_Os02g32990"
"2992","LOC_Os02g33010"
"2993","LOC_Os02g33020"
"3005","LOC_Os02g33330"
"3008","LOC_Os02g33450"
"3010","LOC_Os02g33500"
"3015","LOC_Os02g33710"
"3037","LOC_Os02g34810"
"3041","LOC_Os02g34860"
"3052","LOC_Os02g35090"
"3060","LOC_Os02g35170"
"3069","LOC_Os02g35500"
"3074","LOC_Os02g35620"
"3075","LOC_Os02g35630"
"3090","LOC_Os02g35900"
"3097","LOC_Os02g36380"
"3101","LOC_Os02g36450"
"3104","LOC_Os02g36570"
"3105","LOC_Os02g36590"
"3118","LOC_Os02g37030"
"3120","LOC_Os02g37060"
"3133","LOC_Os02g37600"
"3151","LOC_Os02g38020"
"3161","LOC_Os02g38210"
"3163","LOC_Os02g38240"
"3183","LOC_Os02g38820"
"3200","LOC_Os02g39160"
"3208","LOC_Os02g39360"
"3216","LOC_Os02g39570"
"3218","LOC_Os02g39600"
"3221","LOC_Os02g39710"
"3223","LOC_Os02g39730"
"3224","LOC_Os02g39740"
"3236","LOC_Os02g39970"
"3240","LOC_Os02g40040"
"3244","LOC_Os02g40454"
"3254","LOC_Os02g40770"
"3284","LOC_Os02g42290"
"3290","LOC_Os02g42350"
"3299","LOC_Os02g42570"
"3309","LOC_Os02g42810"
"3314","LOC_Os02g42920"
"3316","LOC_Os02g42960"
"3330","LOC_Os02g43340"
"3331","LOC_Os02g43350"
"3334","LOC_Os02g43500"
"3339","LOC_Os02g43600"
"3342","LOC_Os02g43710"
"3348","LOC_Os02g43830"
"3372","LOC_Os02g44520"
"3381","LOC_Os02g44780"
"3389","LOC_Os02g44980"
"3392","LOC_Os02g45054"
"3403","LOC_Os02g45250"
"3414","LOC_Os02g45660"
"3415","LOC_Os02g45670"
"3455","LOC_Os02g46660"
"3461","LOC_Os02g46920"
"3466","LOC_Os02g46980"
"3470","LOC_Os02g47020"
"3473","LOC_Os02g47120"
"3478","LOC_Os02g47200"
"3481","LOC_Os02g47310"
"3491","LOC_Os02g47510"
"3492","LOC_Os02g47560"
"3498","LOC_Os02g47620"
"3505","LOC_Os02g47800"
"3535","LOC_Os02g48480"
"3536","LOC_Os02g48560"
"3572","LOC_Os02g49326"
"3574","LOC_Os02g49340"
"3576","LOC_Os02g49440"
"3584","LOC_Os02g49570"
"3590","LOC_Os02g49680"
"3596","LOC_Os02g49870"
"3597","LOC_Os02g49880"
"3600","LOC_Os02g49970"
"3603","LOC_Os02g50010"
"3622","LOC_Os02g50560"
"3625","LOC_Os02g50620"
"3626","LOC_Os02g50640"
"3635","LOC_Os02g50840"
"3644","LOC_Os02g51020"
"3646","LOC_Os02g51070"
"3647","LOC_Os02g51080"
"3661","LOC_Os02g51410"
"3664","LOC_Os02g51450"
"3666","LOC_Os02g51470"
"3667","LOC_Os02g51480"
"3680","LOC_Os02g51820"
"3687","LOC_Os02g52010"
"3693","LOC_Os02g52210"
"3697","LOC_Os02g52260"
"3705","LOC_Os02g52390"
"3707","LOC_Os02g52420"
"3715","LOC_Os02g52620"
"3716","LOC_Os02g52650"
"3717","LOC_Os02g52744"
"3736","LOC_Os02g53130"
"3737","LOC_Os02g53140"
"3753","LOC_Os02g53530"
"3765","LOC_Os02g53860"
"3785","LOC_Os02g54510"
"3792","LOC_Os02g54730"
"3802","LOC_Os02g54980"
"3812","LOC_Os02g55120"
"3815","LOC_Os02g55140"
"3820","LOC_Os02g55300"
"3824","LOC_Os02g55420"
"3829","LOC_Os02g55520"
"3835","LOC_Os02g55630"
"3839","LOC_Os02g55770"
"3859","LOC_Os02g56200"
"3861","LOC_Os02g56219"
"3862","LOC_Os02g56250"
"3883","LOC_Os02g56940"
"3889","LOC_Os02g57020"
"3890","LOC_Os02g57030"
"3899","LOC_Os02g57160"
"3902","LOC_Os02g57190"
"3909","LOC_Os02g57280"
"3910","LOC_Os02g57290"
"3929","LOC_Os02g57620"
"3933","LOC_Os02g57660"
"3934","LOC_Os02g57670"
"3939","LOC_Os02g57760"
"3958","LOC_Os02g58230"
"3962","LOC_Os02g58310"
"3963","LOC_Os02g58340"
"3983","LOC_Os02g58790"
"3985","LOC_Os03g01014"
"3988","LOC_Os03g01020"
"4012","LOC_Os03g01570"
"4017","LOC_Os03g01750"
"4027","LOC_Os03g01920"
"4028","LOC_Os03g01930"
"4029","LOC_Os03g01940"
"4034","LOC_Os03g02020"
"4061","LOC_Os03g02560"
"4062","LOC_Os03g02590"
"4063","LOC_Os03g02600"
"4097","LOC_Os03g03360"
"4105","LOC_Os03g03450"
"4114","LOC_Os03g03640"
"4116","LOC_Os03g03670"
"4119","LOC_Os03g03720"
"4129","LOC_Os03g03910"
"4132","LOC_Os03g03949"
"4133","LOC_Os03g03990"
"4142","LOC_Os03g04169"
"4152","LOC_Os03g04440"
"4164","LOC_Os03g04610"
"4166","LOC_Os03g04680"
"4168","LOC_Os03g04710"
"4170","LOC_Os03g04770"
"4189","LOC_Os03g05310"
"4190","LOC_Os03g05320"
"4209","LOC_Os03g05800"
"4227","LOC_Os03g06230"
"4246","LOC_Os03g06630"
"4264","LOC_Os03g07300"
"4268","LOC_Os03g07370"
"4269","LOC_Os03g07380"
"4273","LOC_Os03g07440"
"4276","LOC_Os03g07570"
"4287","LOC_Os03g07960"
"4295","LOC_Os03g08070"
"4296","LOC_Os03g08080"
"4305","LOC_Os03g08270"
"4321","LOC_Os03g08570"
"4337","LOC_Os03g08860"
"4371","LOC_Os03g10060"
"4373","LOC_Os03g10080"
"4377","LOC_Os03g10180"
"4413","LOC_Os03g10880"
"4427","LOC_Os03g11230"
"4454","LOC_Os03g11780"
"4461","LOC_Os03g11960"
"4467","LOC_Os03g12020"
"4478","LOC_Os03g12260"
"4492","LOC_Os03g12550"
"4498","LOC_Os03g12660"
"4500","LOC_Os03g12700"
"4509","LOC_Os03g12890"
"4511","LOC_Os03g12910"
"4515","LOC_Os03g13010"
"4545","LOC_Os03g13820"
"4556","LOC_Os03g14040"
"4571","LOC_Os03g14510"
"4579","LOC_Os03g14669"
"4590","LOC_Os03g14915"
"4596","LOC_Os03g15020"
"4610","LOC_Os03g15460"
"4624","LOC_Os03g15740"
"4632","LOC_Os03g15870"
"4644","LOC_Os03g16050"
"4662","LOC_Os03g16430"
"4665","LOC_Os03g16470"
"4670","LOC_Os03g16670"
"4689","LOC_Os03g17070"
"4707","LOC_Os03g17480"
"4713","LOC_Os03g17580"
"4715","LOC_Os03g17600"
"4718","LOC_Os03g17660"
"4723","LOC_Os03g17730"
"4737","LOC_Os03g18060"
"4738","LOC_Os03g18070"
"4746","LOC_Os03g18200"
"4790","LOC_Os03g19240"
"4798","LOC_Os03g19380"
"4810","LOC_Os03g19560"
"4819","LOC_Os03g19760"
"4827","LOC_Os03g20010"
"4829","LOC_Os03g20100"
"4837","LOC_Os03g20380"
"4849","LOC_Os03g20640"
"4851","LOC_Os03g20700"
"4861","LOC_Os03g21000"
"4875","LOC_Os03g21370"
"4876","LOC_Os03g21380"
"4888","LOC_Os03g21560"
"4894","LOC_Os03g21664"
"4904","LOC_Os03g21890"
"4905","LOC_Os03g21900"
"4912","LOC_Os03g22050"
"4916","LOC_Os03g22160"
"4922","LOC_Os03g22270"
"4924","LOC_Os03g22330"
"4927","LOC_Os03g22370"
"4946","LOC_Os03g22780"
"4947","LOC_Os03g22790"
"4964","LOC_Os03g23980"
"4969","LOC_Os03g24160"
"4983","LOC_Os03g24860"
"4986","LOC_Os03g24930"
"5010","LOC_Os03g25850"
"5011","LOC_Os03g25869"
"5027","LOC_Os03g26820"
"5036","LOC_Os03g27040"
"5046","LOC_Os03g27310"
"5067","LOC_Os03g28300"
"5083","LOC_Os03g29730"
"5112","LOC_Os03g31026"
"5120","LOC_Os03g31230"
"5122","LOC_Os03g31300"
"5126","LOC_Os03g31490"
"5141","LOC_Os03g32490"
"5151","LOC_Os03g34040"
"5161","LOC_Os03g36540"
"5163","LOC_Os03g36750"
"5180","LOC_Os03g37640"
"5181","LOC_Os03g37730"
"5184","LOC_Os03g37840"
"5193","LOC_Os03g38230"
"5204","LOC_Os03g38730"
"5209","LOC_Os03g38950"
"5220","LOC_Os03g39610"
"5226","LOC_Os03g39830"
"5231","LOC_Os03g40100"
"5248","LOC_Os03g41080"
"5254","LOC_Os03g41330"
"5258","LOC_Os03g41510"
"5285","LOC_Os03g43430"
"5289","LOC_Os03g43720"
"5304","LOC_Os03g44210"
"5306","LOC_Os03g44300"
"5309","LOC_Os03g44440"
"5321","LOC_Os03g44740"
"5331","LOC_Os03g45220"
"5344","LOC_Os03g45710"
"5348","LOC_Os03g45779"
"5356","LOC_Os03g46260"
"5382","LOC_Os03g47050"
"5390","LOC_Os03g47610"
"5404","LOC_Os03g48000"
"5405","LOC_Os03g48030"
"5406","LOC_Os03g48040"
"5415","LOC_Os03g48270"
"5430","LOC_Os03g48920"
"5449","LOC_Os03g49440"
"5462","LOC_Os03g49630"
"5465","LOC_Os03g49710"
"5466","LOC_Os03g49720"
"5472","LOC_Os03g49940"
"5487","LOC_Os03g50220"
"5489","LOC_Os03g50270"
"5493","LOC_Os03g50310"
"5505","LOC_Os03g50480"
"5518","LOC_Os03g50870"
"5552","LOC_Os03g51650"
"5560","LOC_Os03g51920"
"5561","LOC_Os03g51930"
"5562","LOC_Os03g51950"
"5563","LOC_Os03g51960"
"5565","LOC_Os03g52010"
"5567","LOC_Os03g52130"
"5569","LOC_Os03g52170"
"5578","LOC_Os03g52460"
"5585","LOC_Os03g52660"
"5597","LOC_Os03g52840"
"5618","LOC_Os03g53300"
"5623","LOC_Os03g53520"
"5643","LOC_Os03g53930"
"5649","LOC_Os03g54040"
"5655","LOC_Os03g54130"
"5674","LOC_Os03g55030"
"5676","LOC_Os03g55090"
"5695","LOC_Os03g55530"
"5704","LOC_Os03g55720"
"5707","LOC_Os03g55776"
"5710","LOC_Os03g55820"
"5714","LOC_Os03g55930"
"5726","LOC_Os03g56280"
"5731","LOC_Os03g56370"
"5734","LOC_Os03g56420"
"5736","LOC_Os03g56470"
"5741","LOC_Os03g56670"
"5753","LOC_Os03g56930"
"5755","LOC_Os03g56950"
"5766","LOC_Os03g57149"
"5772","LOC_Os03g57220"
"5788","LOC_Os03g57545"
"5801","LOC_Os03g57880"
"5807","LOC_Os03g58020"
"5812","LOC_Os03g58080"
"5813","LOC_Os03g58090"
"5821","LOC_Os03g58230"
"5830","LOC_Os03g58470"
"5831","LOC_Os03g58480"
"5834","LOC_Os03g58540"
"5835","LOC_Os03g58580"
"5864","LOC_Os03g59090"
"5866","LOC_Os03g59180"
"5873","LOC_Os03g59320"
"5883","LOC_Os03g59580"
"5895","LOC_Os03g59774"
"5927","LOC_Os03g60639"
"5931","LOC_Os03g60740"
"5934","LOC_Os03g60790"
"5937","LOC_Os03g60820"
"5954","LOC_Os03g61090"
"5961","LOC_Os03g61220"
"5963","LOC_Os03g61260"
"5986","LOC_Os03g61890"
"6000","LOC_Os03g62170"
"6006","LOC_Os03g62340"
"6007","LOC_Os03g62370"
"6012","LOC_Os03g62510"
"6016","LOC_Os03g62610"
"6018","LOC_Os03g62630"
"6022","LOC_Os03g62670"
"6028","LOC_Os03g62780"
"6047","LOC_Os03g63360"
"6052","LOC_Os03g63420"
"6056","LOC_Os03g63480"
"6057","LOC_Os03g63490"
"6078","LOC_Os03g63870"
"6087","LOC_Os03g64020"
"6106","LOC_Os03g64350"
"6125","LOC_Os04g01540"
"6155","LOC_Os04g02910"
"6166","LOC_Os04g05010"
"6188","LOC_Os04g08350"
"6196","LOC_Os04g09580"
"6207","LOC_Os04g10750"
"6248","LOC_Os04g16680"
"6249","LOC_Os04g16722"
"6250","LOC_Os04g16728"
"6251","LOC_Os04g16732"
"6252","LOC_Os04g16734"
"6253","LOC_Os04g16738"
"6254","LOC_Os04g16740"
"6256","LOC_Os04g16745"
"6257","LOC_Os04g16748"
"6258","LOC_Os04g16760"
"6259","LOC_Os04g16762"
"6261","LOC_Os04g16770"
"6262","LOC_Os04g16775"
"6263","LOC_Os04g16812"
"6265","LOC_Os04g16820"
"6267","LOC_Os04g16830"
"6269","LOC_Os04g16838"
"6270","LOC_Os04g16842"
"6271","LOC_Os04g16866"
"6272","LOC_Os04g16872"
"6273","LOC_Os04g16874"
"6277","LOC_Os04g17100"
"6286","LOC_Os04g18090"
"6307","LOC_Os04g20990"
"6325","LOC_Os04g23040"
"6331","LOC_Os04g23890"
"6338","LOC_Os04g24410"
"6351","LOC_Os04g25440"
"6355","LOC_Os04g25570"
"6356","LOC_Os04g25740"
"6366","LOC_Os04g27250"
"6379","LOC_Os04g28300"
"6395","LOC_Os04g31010"
"6397","LOC_Os04g31040"
"6399","LOC_Os04g31120"
"6403","LOC_Os04g31270"
"6425","LOC_Os04g32050"
"6428","LOC_Os04g32150"
"6439","LOC_Os04g32560"
"6446","LOC_Os04g32850"
"6449","LOC_Os04g32920"
"6455","LOC_Os04g33060"
"6456","LOC_Os04g33080"
"6459","LOC_Os04g33190"
"6463","LOC_Os04g33280"
"6473","LOC_Os04g33490"
"6477","LOC_Os04g33610"
"6487","LOC_Os04g33830"
"6492","LOC_Os04g33940"
"6508","LOC_Os04g34460"
"6527","LOC_Os04g35180"
"6542","LOC_Os04g35570"
"6545","LOC_Os04g35700"
"6560","LOC_Os04g36062"
"6568","LOC_Os04g36720"
"6571","LOC_Os04g36760"
"6572","LOC_Os04g36770"
"6586","LOC_Os04g37580"
"6588","LOC_Os04g37619"
"6592","LOC_Os04g37710"
"6600","LOC_Os04g37920"
"6612","LOC_Os04g38410"
"6617","LOC_Os04g38520"
"6619","LOC_Os04g38600"
"6623","LOC_Os04g38640"
"6633","LOC_Os04g38914"
"6646","LOC_Os04g39140"
"6649","LOC_Os04g39190"
"6684","LOC_Os04g40100"
"6698","LOC_Os04g40530"
"6703","LOC_Os04g40660"
"6704","LOC_Os04g40670"
"6725","LOC_Os04g41150"
"6734","LOC_Os04g41340"
"6744","LOC_Os04g41560"
"6745","LOC_Os04g41570"
"6751","LOC_Os04g41850"
"6761","LOC_Os04g42020"
"6780","LOC_Os04g42420"
"6788","LOC_Os04g42590"
"6797","LOC_Os04g42800"
"6806","LOC_Os04g43030"
"6810","LOC_Os04g43070"
"6820","LOC_Os04g43420"
"6834","LOC_Os04g43990"
"6843","LOC_Os04g44340"
"6851","LOC_Os04g44590"
"6869","LOC_Os04g44924"
"6871","LOC_Os04g45000"
"6874","LOC_Os04g45070"
"6880","LOC_Os04g45200"
"6881","LOC_Os04g45210"
"6888","LOC_Os04g45490"
"6892","LOC_Os04g45600"
"6919","LOC_Os04g46280"
"6926","LOC_Os04g46390"
"6934","LOC_Os04g46610"
"6940","LOC_Os04g46880"
"6948","LOC_Os04g47020"
"6959","LOC_Os04g47290"
"6968","LOC_Os04g47590"
"6971","LOC_Os04g47770"
"6974","LOC_Os04g47860"
"6984","LOC_Os04g48070"
"6991","LOC_Os04g48390"
"7004","LOC_Os04g48840"
"7005","LOC_Os04g48880"
"7012","LOC_Os04g49350"
"7021","LOC_Os04g49570"
"7030","LOC_Os04g49890"
"7038","LOC_Os04g50204"
"7044","LOC_Os04g50860"
"7060","LOC_Os04g51280"
"7061","LOC_Os04g51300"
"7070","LOC_Os04g51400"
"7074","LOC_Os04g51454"
"7078","LOC_Os04g51580"
"7079","LOC_Os04g51610"
"7081","LOC_Os04g51660"
"7088","LOC_Os04g51792"
"7114","LOC_Os04g52260"
"7119","LOC_Os04g52330"
"7131","LOC_Os04g52520"
"7149","LOC_Os04g52900"
"7155","LOC_Os04g53170"
"7160","LOC_Os04g53230"
"7162","LOC_Os04g53310"
"7179","LOC_Os04g53680"
"7187","LOC_Os04g53930"
"7193","LOC_Os04g54230"
"7194","LOC_Os04g54300"
"7210","LOC_Os04g54640"
"7211","LOC_Os04g54790"
"7225","LOC_Os04g55180"
"7229","LOC_Os04g55230"
"7253","LOC_Os04g55920"
"7262","LOC_Os04g56230"
"7263","LOC_Os04g56240"
"7266","LOC_Os04g56320"
"7268","LOC_Os04g56400"
"7286","LOC_Os04g56710"
"7298","LOC_Os04g57020"
"7309","LOC_Os04g57300"
"7310","LOC_Os04g57310"
"7321","LOC_Os04g57500"
"7327","LOC_Os04g57590"
"7341","LOC_Os04g57780"
"7349","LOC_Os04g57930"
"7363","LOC_Os04g58250"
"7368","LOC_Os04g58390"
"7378","LOC_Os04g58620"
"7382","LOC_Os04g58710"
"7383","LOC_Os04g58730"
"7392","LOC_Os04g58890"
"7409","LOC_Os04g59440"
"7415","LOC_Os04g59540"
"7418","LOC_Os04g59570"
"7422","LOC_Os04g59610"
"7429","LOC_Os05g01110"
"7431","LOC_Os05g01140"
"7440","LOC_Os05g01270"
"7450","LOC_Os05g01470"
"7455","LOC_Os05g01530"
"7474","LOC_Os05g01950"
"7478","LOC_Os05g02010"
"7481","LOC_Os05g02060"
"7489","LOC_Os05g02220"
"7491","LOC_Os05g02260"
"7544","LOC_Os05g04070"
"7556","LOC_Os05g04530"
"7561","LOC_Os05g04620"
"7575","LOC_Os05g05140"
"7597","LOC_Os05g05600"
"7611","LOC_Os05g05830"
"7615","LOC_Os05g05940"
"7628","LOC_Os05g06399"
"7638","LOC_Os05g06530"
"7652","LOC_Os05g06890"
"7654","LOC_Os05g06920"
"7669","LOC_Os05g07632"
"7674","LOC_Os05g07690"
"7681","LOC_Os05g07860"
"7682","LOC_Os05g07870"
"7696","LOC_Os05g08480"
"7712","LOC_Os05g08930"
"7723","LOC_Os05g09400"
"7733","LOC_Os05g10414"
"7741","LOC_Os05g10730"
"7747","LOC_Os05g10930"
"7749","LOC_Os05g11064"
"7750","LOC_Os05g11090"
"7754","LOC_Os05g11210"
"7756","LOC_Os05g11260"
"7758","LOC_Os05g11320"
"7777","LOC_Os05g12260"
"7782","LOC_Os05g12474"
"7784","LOC_Os05g12630"
"7797","LOC_Os05g13904"
"7804","LOC_Os05g14240"
"7805","LOC_Os05g14270"
"7822","LOC_Os05g15510"
"7853","LOC_Os05g20020"
"7862","LOC_Os05g22614"
"7866","LOC_Os05g22730"
"7867","LOC_Os05g22830"
"7868","LOC_Os05g22840"
"7869","LOC_Os05g22870"
"7874","LOC_Os05g22970"
"7893","LOC_Os05g23740"
"7907","LOC_Os05g24550"
"7911","LOC_Os05g24650"
"7930","LOC_Os05g25840"
"7944","LOC_Os05g26926"
"7948","LOC_Os05g27100"
"7957","LOC_Os05g27790"
"7966","LOC_Os05g28090"
"7970","LOC_Os05g28200"
"7976","LOC_Os05g28500"
"7989","LOC_Os05g29030"
"7995","LOC_Os05g29760"
"8004","LOC_Os05g30190"
"8008","LOC_Os05g30250"
"8010","LOC_Os05g30350"
"8029","LOC_Os05g31140"
"8036","LOC_Os05g31680"
"8047","LOC_Os05g32140"
"8052","LOC_Os05g32220"
"8059","LOC_Os05g32390"
"8078","LOC_Os05g32820"
"8083","LOC_Os05g33010"
"8094","LOC_Os05g33280"
"8095","LOC_Os05g33290"
"8105","LOC_Os05g33510"
"8107","LOC_Os05g33520"
"8109","LOC_Os05g33570"
"8113","LOC_Os05g33620"
"8119","LOC_Os05g33840"
"8131","LOC_Os05g34150"
"8132","LOC_Os05g34160"
"8133","LOC_Os05g34170"
"8144","LOC_Os05g34630"
"8146","LOC_Os05g34650"
"8147","LOC_Os05g34670"
"8170","LOC_Os05g35320"
"8175","LOC_Os05g35470"
"8178","LOC_Os05g35540"
"8207","LOC_Os05g36994"
"8208","LOC_Os05g37080"
"8226","LOC_Os05g37520"
"8235","LOC_Os05g37930"
"8249","LOC_Os05g38270"
"8265","LOC_Os05g38640"
"8267","LOC_Os05g38680"
"8311","LOC_Os05g40180"
"8315","LOC_Os05g40260"
"8316","LOC_Os05g40270"
"8338","LOC_Os05g41030"
"8345","LOC_Os05g41130"
"8350","LOC_Os05g41190"
"8365","LOC_Os05g41610"
"8368","LOC_Os05g41640"
"8388","LOC_Os05g42280"
"8401","LOC_Os05g43310"
"8417","LOC_Os05g43650"
"8428","LOC_Os05g44020"
"8460","LOC_Os05g45030"
"8472","LOC_Os05g45350"
"8473","LOC_Os05g45400"
"8479","LOC_Os05g45710"
"8484","LOC_Os05g45770"
"8494","LOC_Os05g45954"
"8497","LOC_Os05g46030"
"8505","LOC_Os05g46250"
"8513","LOC_Os05g46360"
"8525","LOC_Os05g46620"
"8527","LOC_Os05g46710"
"8539","LOC_Os05g47540"
"8541","LOC_Os05g47560"
"8562","LOC_Os05g48160"
"8572","LOC_Os05g48360"
"8585","LOC_Os05g48630"
"8590","LOC_Os05g48760"
"8592","LOC_Os05g48800"
"8626","LOC_Os05g49380"
"8631","LOC_Os05g49610"
"8633","LOC_Os05g49650"
"8640","LOC_Os05g49800"
"8642","LOC_Os05g49880"
"8645","LOC_Os05g49910"
"8646","LOC_Os05g49970"
"8667","LOC_Os05g50500"
"8669","LOC_Os05g50550"
"8670","LOC_Os05g50560"
"8672","LOC_Os05g50610"
"8685","LOC_Os05g50930"
"8691","LOC_Os05g51070"
"8702","LOC_Os05g51450"
"8714","LOC_Os05g51620"
"8729","LOC_Os06g01210"
"8756","LOC_Os06g01790"
"8758","LOC_Os06g01850"
"8768","LOC_Os06g02120"
"8786","LOC_Os06g02490"
"8793","LOC_Os06g02580"
"8820","LOC_Os06g03770"
"8832","LOC_Os06g03980"
"8833","LOC_Os06g03990"
"8837","LOC_Os06g04030"
"8839","LOC_Os06g04070"
"8843","LOC_Os06g04140"
"8844","LOC_Os06g04150"
"8848","LOC_Os06g04270"
"8862","LOC_Os06g04510"
"8903","LOC_Os06g05390"
"8922","LOC_Os06g05860"
"8929","LOC_Os06g05950"
"8939","LOC_Os06g06190"
"8953","LOC_Os06g06560"
"8958","LOC_Os06g06770"
"8975","LOC_Os06g07120"
"8991","LOC_Os06g07760"
"9001","LOC_Os06g08041"
"9020","LOC_Os06g08530"
"9025","LOC_Os06g08670"
"9047","LOC_Os06g09320"
"9056","LOC_Os06g09610"
"9058","LOC_Os06g09679"
"9063","LOC_Os06g09880"
"9064","LOC_Os06g09890"
"9065","LOC_Os06g09900"
"9095","LOC_Os06g11040"
"9110","LOC_Os06g11380"
"9122","LOC_Os06g11790"
"9138","LOC_Os06g12170"
"9145","LOC_Os06g12370"
"9152","LOC_Os06g12600"
"9154","LOC_Os06g12630"
"9176","LOC_Os06g13190"
"9185","LOC_Os06g13660"
"9199","LOC_Os06g14324"
"9204","LOC_Os06g14420"
"9216","LOC_Os06g15330"
"9219","LOC_Os06g15400"
"9230","LOC_Os06g15990"
"9258","LOC_Os06g17970"
"9280","LOC_Os06g19970"
"9298","LOC_Os06g21110"
"9303","LOC_Os06g21380"
"9310","LOC_Os06g21590"
"9311","LOC_Os06g21600"
"9318","LOC_Os06g22060"
"9324","LOC_Os06g22394"
"9329","LOC_Os06g22690"
"9352","LOC_Os06g23870"
"9353","LOC_Os06g24070"
"9360","LOC_Os06g24711"
"9361","LOC_Os06g24730"
"9385","LOC_Os06g28194"
"9386","LOC_Os06g28524"
"9393","LOC_Os06g28950"
"9411","LOC_Os06g29844"
"9424","LOC_Os06g30750"
"9434","LOC_Os06g33180"
"9443","LOC_Os06g33710"
"9477","LOC_Os06g36180"
"9482","LOC_Os06g36450"
"9493","LOC_Os06g37010"
"9503","LOC_Os06g37450"
"9504","LOC_Os06g37560"
"9522","LOC_Os06g39330"
"9524","LOC_Os06g39370"
"9532","LOC_Os06g39690"
"9533","LOC_Os06g39700"
"9534","LOC_Os06g39708"
"9535","LOC_Os06g39712"
"9536","LOC_Os06g39716"
"9537","LOC_Os06g39718"
"9538","LOC_Os06g39740"
"9539","LOC_Os06g39748"
"9541","LOC_Os06g39752"
"9544","LOC_Os06g39900"
"9545","LOC_Os06g39906"
"9551","LOC_Os06g40080"
"9558","LOC_Os06g40210"
"9563","LOC_Os06g40440"
"9567","LOC_Os06g40500"
"9573","LOC_Os06g40640"
"9583","LOC_Os06g40818"
"9585","LOC_Os06g40940"
"9592","LOC_Os06g41120"
"9599","LOC_Os06g41450"
"9609","LOC_Os06g41930"
"9610","LOC_Os06g41990"
"9613","LOC_Os06g42060"
"9615","LOC_Os06g42240"
"9621","LOC_Os06g42720"
"9625","LOC_Os06g42800"
"9631","LOC_Os06g43140"
"9656","LOC_Os06g43800"
"9663","LOC_Os06g43900"
"9672","LOC_Os06g44160"
"9682","LOC_Os06g44450"
"9686","LOC_Os06g44840"
"9705","LOC_Os06g45340"
"9708","LOC_Os06g45370"
"9714","LOC_Os06g45480"
"9726","LOC_Os06g45820"
"9744","LOC_Os06g46434"
"9745","LOC_Os06g46435"
"9746","LOC_Os06g46436"
"9747","LOC_Os06g46438"
"9749","LOC_Os06g46460"
"9753","LOC_Os06g46670"
"9776","LOC_Os06g47330"
"9781","LOC_Os06g47550"
"9794","LOC_Os06g47940"
"9796","LOC_Os06g47970"
"9799","LOC_Os06g48180"
"9813","LOC_Os06g48610"
"9831","LOC_Os06g49040"
"9835","LOC_Os06g49110"
"9836","LOC_Os06g49120"
"9839","LOC_Os06g49160"
"9858","LOC_Os06g49640"
"9880","LOC_Os06g50070"
"9885","LOC_Os06g50130"
"9890","LOC_Os06g50230"
"9897","LOC_Os06g50390"
"9905","LOC_Os06g50870"
"9908","LOC_Os06g51029"
"9913","LOC_Os06g51220"
"9914","LOC_Os06g51240"
"9916","LOC_Os06g51260"
"9918","LOC_Os06g51290"
"9930","LOC_Os06g51460"
"9938","LOC_Os07g01020"
"9939","LOC_Os07g01030"
"9940","LOC_Os07g01060"
"9951","LOC_Os07g01250"
"9957","LOC_Os07g01550"
"9963","LOC_Os07g01760"
"10009","LOC_Os07g03910"
"10023","LOC_Os07g04840"
"10025","LOC_Os07g04910"
"10026","LOC_Os07g04990"
"10027","LOC_Os07g05000"
"10031","LOC_Os07g05174"
"10032","LOC_Os07g05390"
"10037","LOC_Os07g05480"
"10046","LOC_Os07g05820"
"10047","LOC_Os07g05840"
"10056","LOC_Os07g06450"
"10061","LOC_Os07g06600"
"10064","LOC_Os07g06660"
"10071","LOC_Os07g06840"
"10103","LOC_Os07g07480"
"10105","LOC_Os07g07540"
"10124","LOC_Os07g08030"
"10128","LOC_Os07g08150"
"10129","LOC_Os07g08160"
"10135","LOC_Os07g08290"
"10159","LOC_Os07g08970"
"10164","LOC_Os07g09150"
"10168","LOC_Os07g09340"
"10169","LOC_Os07g09370"
"10184","LOC_Os07g09800"
"10203","LOC_Os07g10490"
"10207","LOC_Os07g10540"
"10217","LOC_Os07g10840"
"10226","LOC_Os07g11110"
"10243","LOC_Os07g12530"
"10258","LOC_Os07g13234"
"10270","LOC_Os07g13969"
"10297","LOC_Os07g15670"
"10320","LOC_Os07g18180"
"10333","LOC_Os07g19130"
"10353","LOC_Os07g22504"
"10361","LOC_Os07g22930"
"10365","LOC_Os07g23120"
"10373","LOC_Os07g23520"
"10384","LOC_Os07g23990"
"10386","LOC_Os07g24230"
"10388","LOC_Os07g25002"
"10389","LOC_Os07g25004"
"10394","LOC_Os07g25430"
"10436","LOC_Os07g28040"
"10440","LOC_Os07g28400"
"10446","LOC_Os07g28610"
"10450","LOC_Os07g28790"
"10458","LOC_Os07g29224"
"10459","LOC_Os07g29240"
"10465","LOC_Os07g29410"
"10472","LOC_Os07g29640"
"10486","LOC_Os07g30610"
"10495","LOC_Os07g30960"
"10518","LOC_Os07g31650"
"10523","LOC_Os07g31870"
"10524","LOC_Os07g31884"
"10540","LOC_Os07g32560"
"10550","LOC_Os07g32880"
"10557","LOC_Os07g33270"
"10558","LOC_Os07g33300"
"10564","LOC_Os07g33660"
"10574","LOC_Os07g34006"
"10578","LOC_Os07g34570"
"10581","LOC_Os07g34620"
"10582","LOC_Os07g34640"
"10583","LOC_Os07g34650"
"10587","LOC_Os07g34830"
"10598","LOC_Os07g35880"
"10601","LOC_Os07g36080"
"10604","LOC_Os07g36180"
"10605","LOC_Os07g36190"
"10610","LOC_Os07g36390"
"10616","LOC_Os07g36500"
"10626","LOC_Os07g37030"
"10633","LOC_Os07g37230"
"10634","LOC_Os07g37240"
"10635","LOC_Os07g37250"
"10641","LOC_Os07g37550"
"10642","LOC_Os07g37560"
"10666","LOC_Os07g38150"
"10669","LOC_Os07g38230"
"10675","LOC_Os07g38360"
"10684","LOC_Os07g38530"
"10690","LOC_Os07g38620"
"10694","LOC_Os07g38790"
"10695","LOC_Os07g38830"
"10700","LOC_Os07g38960"
"10706","LOC_Os07g39114"
"10721","LOC_Os07g39620"
"10741","LOC_Os07g40450"
"10778","LOC_Os07g41630"
"10782","LOC_Os07g41710"
"10830","LOC_Os07g42960"
"10835","LOC_Os07g43040"
"10836","LOC_Os07g43050"
"10844","LOC_Os07g43330"
"10847","LOC_Os07g43370"
"10857","LOC_Os07g43560"
"10858","LOC_Os07g43570"
"10859","LOC_Os07g43700"
"10886","LOC_Os07g44330"
"10888","LOC_Os07g44410"
"10913","LOC_Os07g45194"
"10930","LOC_Os07g46320"
"10931","LOC_Os07g46330"
"10938","LOC_Os07g46410"
"10939","LOC_Os07g46420"
"10943","LOC_Os07g46460"
"10946","LOC_Os07g46520"
"10964","LOC_Os07g46790"
"10968","LOC_Os07g47090"
"10995","LOC_Os07g47640"
"11004","LOC_Os07g47990"
"11006","LOC_Os07g48090"
"11007","LOC_Os07g48100"
"11018","LOC_Os07g48340"
"11039","LOC_Os07g48810"
"11051","LOC_Os07g49110"
"11080","LOC_Os08g01140"
"11081","LOC_Os08g01170"
"11085","LOC_Os08g01270"
"11091","LOC_Os08g01380"
"11107","LOC_Os08g01770"
"11129","LOC_Os08g02210"
"11141","LOC_Os08g02630"
"11149","LOC_Os08g03310"
"11176","LOC_Os08g04180"
"11180","LOC_Os08g04390"
"11182","LOC_Os08g04430"
"11187","LOC_Os08g04500"
"11193","LOC_Os08g04840"
"11204","LOC_Os08g05620"
"11226","LOC_Os08g06110"
"11231","LOC_Os08g06230"
"11234","LOC_Os08g06280"
"11247","LOC_Os08g06530"
"11250","LOC_Os08g06630"
"11251","LOC_Os08g06640"
"11257","LOC_Os08g07080"
"11266","LOC_Os08g07540"
"11275","LOC_Os08g07880"
"11284","LOC_Os08g08120"
"11285","LOC_Os08g08190"
"11308","LOC_Os08g09300"
"11312","LOC_Os08g09370"
"11322","LOC_Os08g10020"
"11325","LOC_Os08g10080"
"11347","LOC_Os08g11450"
"11348","LOC_Os08g11470"
"11349","LOC_Os08g11480"
"11353","LOC_Os08g12449"
"11356","LOC_Os08g12750"
"11368","LOC_Os08g13360"
"11377","LOC_Os08g13795"
"11388","LOC_Os08g14440"
"11389","LOC_Os08g14450"
"11392","LOC_Os08g14570"
"11412","LOC_Os08g15268"
"11414","LOC_Os08g15296"
"11417","LOC_Os08g15322"
"11419","LOC_Os08g15460"
"11423","LOC_Os08g16010"
"11428","LOC_Os08g16570"
"11433","LOC_Os08g16830"
"11445","LOC_Os08g17390"
"11461","LOC_Os08g19140"
"11468","LOC_Os08g19610"
"11469","LOC_Os08g19650"
"11479","LOC_Os08g20410"
"11481","LOC_Os08g20500"
"11497","LOC_Os08g22149"
"11510","LOC_Os08g23410"
"11521","LOC_Os08g24390"
"11542","LOC_Os08g25734"
"11546","LOC_Os08g25900"
"11552","LOC_Os08g26870"
"11554","LOC_Os08g27010"
"11591","LOC_Os08g29170"
"11592","LOC_Os08g29370"
"11596","LOC_Os08g29530"
"11600","LOC_Os08g29600"
"11608","LOC_Os08g29780"
"11628","LOC_Os08g31410"
"11631","LOC_Os08g31510"
"11634","LOC_Os08g31580"
"11635","LOC_Os08g31630"
"11653","LOC_Os08g32630"
"11676","LOC_Os08g33350"
"11677","LOC_Os08g33370"
"11685","LOC_Os08g33540"
"11689","LOC_Os08g33680"
"11690","LOC_Os08g33710"
"11691","LOC_Os08g33720"
"11695","LOC_Os08g33820"
"11709","LOC_Os08g34210"
"11727","LOC_Os08g34984"
"11737","LOC_Os08g35620"
"11740","LOC_Os08g35860"
"11746","LOC_Os08g36060"
"11748","LOC_Os08g36140"
"11757","LOC_Os08g36480"
"11766","LOC_Os08g37030"
"11789","LOC_Os08g37600"
"11791","LOC_Os08g37610"
"11793","LOC_Os08g37670"
"11798","LOC_Os08g37790"
"11806","LOC_Os08g37940"
"11831","LOC_Os08g38910"
"11846","LOC_Os08g39300"
"11864","LOC_Os08g39830"
"11875","LOC_Os08g40160"
"11900","LOC_Os08g40919"
"11903","LOC_Os08g41040"
"11919","LOC_Os08g41460"
"11928","LOC_Os08g41830"
"11931","LOC_Os08g41880"
"11935","LOC_Os08g41990"
"11952","LOC_Os08g42420"
"11960","LOC_Os08g42590"
"11969","LOC_Os08g42850"
"11985","LOC_Os08g43230"
"11993","LOC_Os08g43440"
"12000","LOC_Os08g43560"
"12006","LOC_Os08g44000"
"12009","LOC_Os08g44050"
"12011","LOC_Os08g44210"
"12017","LOC_Os08g44290"
"12018","LOC_Os08g44300"
"12019","LOC_Os08g44320"
"12026","LOC_Os08g44400"
"12039","LOC_Os08g44680"
"12041","LOC_Os08g44770"
"12043","LOC_Os08g44810"
"12046","LOC_Os08g44860"
"12055","LOC_Os08g45180"
"12056","LOC_Os08g45190"
"12057","LOC_Os08g45200"
"12061","LOC_Os09g00999"
"12062","LOC_Os09g01000"
"12074","LOC_Os09g02214"
"12082","LOC_Os09g02710"
"12104","LOC_Os09g04440"
"12107","LOC_Os09g04680"
"12110","LOC_Os09g04790"
"12121","LOC_Os09g06464"
"12141","LOC_Os09g07570"
"12144","LOC_Os09g07660"
"12154","LOC_Os09g08390"
"12157","LOC_Os09g08464"
"12162","LOC_Os09g09320"
"12163","LOC_Os09g09330"
"12172","LOC_Os09g09800"
"12174","LOC_Os09g09830"
"12175","LOC_Os09g09930"
"12181","LOC_Os09g10690"
"12184","LOC_Os09g10750"
"12185","LOC_Os09g10760"
"12207","LOC_Os09g12290"
"12210","LOC_Os09g12540"
"12216","LOC_Os09g12660"
"12238","LOC_Os09g14600"
"12257","LOC_Os09g15810"
"12268","LOC_Os09g17049"
"12272","LOC_Os09g17600"
"12275","LOC_Os09g17680"
"12277","LOC_Os09g17740"
"12294","LOC_Os09g19820"
"12297","LOC_Os09g19890"
"12302","LOC_Os09g19952"
"12303","LOC_Os09g19954"
"12307","LOC_Os09g20024"
"12324","LOC_Os09g20930"
"12336","LOC_Os09g21740"
"12350","LOC_Os09g23110"
"12362","LOC_Os09g23550"
"12376","LOC_Os09g24320"
"12393","LOC_Os09g24710"
"12424","LOC_Os09g25740"
"12426","LOC_Os09g25770"
"12427","LOC_Os09g25784"
"12429","LOC_Os09g25850"
"12445","LOC_Os09g26420"
"12452","LOC_Os09g26580"
"12455","LOC_Os09g26670"
"12468","LOC_Os09g26960"
"12470","LOC_Os09g27030"
"12502","LOC_Os09g28050"
"12503","LOC_Os09g28060"
"12508","LOC_Os09g28310"
"12519","LOC_Os09g28620"
"12520","LOC_Os09g28630"
"12521","LOC_Os09g28640"
"12522","LOC_Os09g28650"
"12534","LOC_Os09g29070"
"12539","LOC_Os09g29200"
"12548","LOC_Os09g29430"
"12549","LOC_Os09g29460"
"12558","LOC_Os09g29840"
"12566","LOC_Os09g30120"
"12567","LOC_Os09g30130"
"12573","LOC_Os09g30340"
"12577","LOC_Os09g30410"
"12582","LOC_Os09g30454"
"12613","LOC_Os09g31502"
"12614","LOC_Os09g31506"
"12615","LOC_Os09g31514"
"12618","LOC_Os09g32030"
"12661","LOC_Os09g33470"
"12671","LOC_Os09g33680"
"12694","LOC_Os09g34100"
"12698","LOC_Os09g34140"
"12728","LOC_Os09g35730"
"12735","LOC_Os09g35880"
"12745","LOC_Os09g36040"
"12746","LOC_Os09g36080"
"12750","LOC_Os09g36130"
"12752","LOC_Os09g36200"
"12753","LOC_Os09g36220"
"12754","LOC_Os09g36240"
"12759","LOC_Os09g36300"
"12764","LOC_Os09g36450"
"12767","LOC_Os09g36520"
"12770","LOC_Os09g36600"
"12772","LOC_Os09g36710"
"12774","LOC_Os09g36800"
"12779","LOC_Os09g36930"
"12794","LOC_Os09g37394"
"12813","LOC_Os09g38090"
"12815","LOC_Os09g38130"
"12817","LOC_Os09g38330"
"12818","LOC_Os09g38340"
"12822","LOC_Os09g38410"
"12848","LOC_Os09g39180"
"12853","LOC_Os09g39260"
"12859","LOC_Os09g39390"
"12869","LOC_Os09g39560"
"12877","LOC_Os09g39680"
"12894","LOC_Os10g01044"
"12896","LOC_Os10g01080"
"12898","LOC_Os10g01110"
"12899","LOC_Os10g01134"
"12907","LOC_Os10g02240"
"12908","LOC_Os10g02260"
"12909","LOC_Os10g02270"
"12911","LOC_Os10g02380"
"12912","LOC_Os10g02480"
"12920","LOC_Os10g02980"
"12921","LOC_Os10g03400"
"12924","LOC_Os10g03550"
"12972","LOC_Os10g07978"
"12975","LOC_Os10g08018"
"12988","LOC_Os10g10170"
"12990","LOC_Os10g10180"
"12999","LOC_Os10g11022"
"13003","LOC_Os10g11140"
"13020","LOC_Os10g13850"
"13028","LOC_Os10g15300"
"13046","LOC_Os10g18370"
"13065","LOC_Os10g21196"
"13066","LOC_Os10g21230"
"13069","LOC_Os10g21266"
"13070","LOC_Os10g21268"
"13071","LOC_Os10g21272"
"13072","LOC_Os10g21310"
"13073","LOC_Os10g21314"
"13074","LOC_Os10g21346"
"13075","LOC_Os10g21352"
"13077","LOC_Os10g21388"
"13078","LOC_Os10g21396"
"13079","LOC_Os10g21398"
"13080","LOC_Os10g21402"
"13081","LOC_Os10g21418"
"13085","LOC_Os10g21810"
"13089","LOC_Os10g21930"
"13102","LOC_Os10g22560"
"13106","LOC_Os10g22630"
"13108","LOC_Os10g22950"
"13109","LOC_Os10g22960"
"13114","LOC_Os10g23180"
"13135","LOC_Os10g25430"
"13137","LOC_Os10g25570"
"13164","LOC_Os10g26990"
"13189","LOC_Os10g28360"
"13194","LOC_Os10g28600"
"13205","LOC_Os10g29470"
"13219","LOC_Os10g30156"
"13268","LOC_Os10g32810"
"13279","LOC_Os10g33190"
"13288","LOC_Os10g33460"
"13294","LOC_Os10g33700"
"13322","LOC_Os10g34400"
"13337","LOC_Os10g34795"
"13341","LOC_Os10g35030"
"13342","LOC_Os10g35060"
"13358","LOC_Os10g35370"
"13372","LOC_Os10g35630"
"13381","LOC_Os10g35810"
"13382","LOC_Os10g35840"
"13383","LOC_Os10g35850"
"13387","LOC_Os10g35940"
"13391","LOC_Os10g36000"
"13394","LOC_Os10g36260"
"13403","LOC_Os10g36500"
"13409","LOC_Os10g36703"
"13421","LOC_Os10g37180"
"13430","LOC_Os10g37340"
"13437","LOC_Os10g37500"
"13447","LOC_Os10g37740"
"13455","LOC_Os10g37980"
"13460","LOC_Os10g38110"
"13462","LOC_Os10g38206"
"13464","LOC_Os10g38234"
"13465","LOC_Os10g38276"
"13468","LOC_Os10g38610"
"13470","LOC_Os10g38700"
"13471","LOC_Os10g38710"
"13490","LOC_Os10g39150"
"13496","LOC_Os10g39410"
"13522","LOC_Os10g40030"
"13543","LOC_Os10g40600"
"13547","LOC_Os10g40740"
"13550","LOC_Os10g40830"
"13556","LOC_Os10g41100"
"13570","LOC_Os10g41400"
"13575","LOC_Os10g41460"
"13578","LOC_Os10g41490"
"13584","LOC_Os10g41590"
"13588","LOC_Os10g41749"
"13590","LOC_Os10g41780"
"13596","LOC_Os10g41940"
"13602","LOC_Os10g42100"
"13608","LOC_Os10g42240"
"13610","LOC_Os10g42299"
"13616","LOC_Os10g42500"
"13630","LOC_Os10g42780"
"13641","LOC_Os10g42960"
"13647","LOC_Os11g01040"
"13661","LOC_Os11g01439"
"13663","LOC_Os11g01490"
"13665","LOC_Os11g01530"
"13666","LOC_Os11g01590"
"13684","LOC_Os11g02240"
"13688","LOC_Os11g02389"
"13689","LOC_Os11g02400"
"13690","LOC_Os11g02424"
"13693","LOC_Os11g02610"
"13707","LOC_Os11g03390"
"13717","LOC_Os11g03580"
"13731","LOC_Os11g04030"
"13746","LOC_Os11g04480"
"13747","LOC_Os11g04500"
"13770","LOC_Os11g05260"
"13775","LOC_Os11g05400"
"13780","LOC_Os11g05556"
"13793","LOC_Os11g05990"
"13805","LOC_Os11g06390"
"13822","LOC_Os11g07020"
"13831","LOC_Os11g07580"
"13835","LOC_Os11g07916"
"13837","LOC_Os11g07930"
"13839","LOC_Os11g07960"
"13851","LOC_Os11g08670"
"13866","LOC_Os11g09864"
"13876","LOC_Os11g10320"
"13888","LOC_Os11g10990"
"13889","LOC_Os11g11000"
"13893","LOC_Os11g11100"
"13895","LOC_Os11g11210"
"13896","LOC_Os11g11320"
"13912","LOC_Os11g12810"
"13914","LOC_Os11g13670"
"13918","LOC_Os11g13850"
"13921","LOC_Os11g13890"
"13959","LOC_Os11g16540"
"13960","LOC_Os11g16550"
"13964","LOC_Os11g17290"
"14003","LOC_Os11g23790"
"14006","LOC_Os11g24070"
"14008","LOC_Os11g24450"
"14009","LOC_Os11g24510"
"14022","LOC_Os11g25780"
"14030","LOC_Os11g26860"
"14032","LOC_Os11g26890"
"14036","LOC_Os11g27730"
"14038","LOC_Os11g28130"
"14039","LOC_Os11g28184"
"14040","LOC_Os11g28270"
"14053","LOC_Os11g29140"
"14065","LOC_Os11g29500"
"14096","LOC_Os11g32320"
"14101","LOC_Os11g32500"
"14143","LOC_Os11g34870"
"14191","LOC_Os11g37560"
"14197","LOC_Os11g37759"
"14202","LOC_Os11g38020"
"14205","LOC_Os11g38260"
"14218","LOC_Os11g39020"
"14246","LOC_Os11g40600"
"14267","LOC_Os11g41990"
"14273","LOC_Os11g42350"
"14276","LOC_Os11g42510"
"14283","LOC_Os11g43600"
"14309","LOC_Os11g45090"
"14315","LOC_Os11g45710"
"14326","LOC_Os11g47453"
"14340","LOC_Os11g47970"
"14352","LOC_Os12g01210"
"14361","LOC_Os12g01449"
"14364","LOC_Os12g01530"
"14367","LOC_Os12g01580"
"14388","LOC_Os12g02310"
"14389","LOC_Os12g02330"
"14390","LOC_Os12g02340"
"14411","LOC_Os12g02840"
"14418","LOC_Os12g03070"
"14432","LOC_Os12g03420"
"14440","LOC_Os12g03800"
"14444","LOC_Os12g03860"
"14446","LOC_Os12g03899"
"14491","LOC_Os12g05550"
"14492","LOC_Os12g05650"
"14533","LOC_Os12g07110"
"14536","LOC_Os12g07190"
"14537","LOC_Os12g07210"
"14546","LOC_Os12g07370"
"14578","LOC_Os12g08220"
"14581","LOC_Os12g08260"
"14584","LOC_Os12g08730"
"14586","LOC_Os12g08760"
"14587","LOC_Os12g08770"
"14588","LOC_Os12g08790"
"14592","LOC_Os12g08830"
"14614","LOC_Os12g10510"
"14615","LOC_Os12g10570"
"14616","LOC_Os12g10580"
"14618","LOC_Os12g10604"
"14624","LOC_Os12g10730"
"14628","LOC_Os12g12115"
"14629","LOC_Os12g12130"
"14630","LOC_Os12g12170"
"14638","LOC_Os12g12580"
"14641","LOC_Os12g12850"
"14655","LOC_Os12g13460"
"14663","LOC_Os12g14070"
"14675","LOC_Os12g16200"
"14682","LOC_Os12g16524"
"14687","LOC_Os12g17320"
"14688","LOC_Os12g17600"
"14690","LOC_Os12g17830"
"14704","LOC_Os12g18729"
"14717","LOC_Os12g19381"
"14718","LOC_Os12g19470"
"14719","LOC_Os12g19530"
"14724","LOC_Os12g20150"
"14733","LOC_Os12g21784"
"14740","LOC_Os12g22489"
"14744","LOC_Os12g23150"
"14745","LOC_Os12g23180"
"14746","LOC_Os12g23200"
"14758","LOC_Os12g25120"
"14760","LOC_Os12g25180"
"14762","LOC_Os12g25490"
"14770","LOC_Os12g26220"
"14774","LOC_Os12g26880"
"14778","LOC_Os12g27370"
"14794","LOC_Os12g29570"
"14799","LOC_Os12g29990"
"14812","LOC_Os12g31460"
"14842","LOC_Os12g32760"
"14845","LOC_Os12g32940"
"14850","LOC_Os12g33020"
"14851","LOC_Os12g33080"
"14891","LOC_Os12g34500"
"14893","LOC_Os12g34550"
"14897","LOC_Os12g34860"
"14905","LOC_Os12g34990"
"14922","LOC_Os12g35630"
"14928","LOC_Os12g36060"
"14950","LOC_Os12g37260"
"14953","LOC_Os12g37360"
"14968","LOC_Os12g37710"
"14982","LOC_Os12g38170"
"14999","LOC_Os12g38640"
"15006","LOC_Os12g38850"
"15014","LOC_Os12g39200"
"15018","LOC_Os12g39360"
"15056","LOC_Os12g41090"
"15057","LOC_Os12g41124"
"15079","LOC_Os12g41800"
"15092","LOC_Os12g42090"
"15100","LOC_Os12g42280"
"15101","LOC_Os12g42300"
"15106","LOC_Os12g42420"
"15108","LOC_Os12g42550"
"15127","LOC_Os12g43130"
"15154","LOC_Os12g44040"
"15158","LOC_Os12g44150"
"15162","LOC_Os12g44310"
"15166","LOC_Os12g44370"
